Q6,len,percentage
1,137,0.3333333333333333
2,30,0.6666666666666666
