연구윤리 교육 불만족의 이유,len,percentage
1,15,0.1094890510948905
2,39,0.2846715328467153
3,25,0.18248175182481752
4,16,0.11678832116788321
5,42,0.30656934306569344
