연구윤리 교육 만족의 이유,len,percentage
1,22,0.22222222222222224
2,9,0.09090909090909091
3,68,0.686868686868687
