연구윤리 교육 만족도,len,percentage
2,3,0.021897810218978103
3,35,0.2554744525547445
4,80,0.583941605839416
5,19,0.1386861313868613
