연구윤리 교육 불만족의 이유,len,percentage
1,15,0.14285714285714288
2,39,0.37142857142857144
3,25,0.2380952380952381
4,16,0.1523809523809524
5,10,0.09523809523809525
