mean,std,count
8.497005988023952,1.3074128388880188,167
