column,column_0
Q3_1,4.089820359281437
Q3_2,3.8682634730538923
Q3_3,4.377245508982036
Q3_4,4.281437125748503
Q3_5,4.25748502994012
Q3_6,3.970059880239521
