Q1,count,pct
매우 중요하지 않다,0,0.0
중요하지 않다,1,0.5988023952095809
보통이다,2,1.1976047904191618
중요하다,52,31.137724550898206
매우 중요하다,112,67.06586826347306
