column,매우 중요하지 않다,중요하지 않다,보통이다,중요하다,매우 중요하다,합계,평균,표준편차
연구윤리 교육,2,4,22,88,51,167,33.4,36.301515119895484
연구윤리 관련 보도,5,5,34,86,37,167,33.4,33.14060952969936
연구자 간 대화 및 멘토링,0,2,11,76,78,167,33.4,40.02249367543207
관련 규정 및 지침,0,5,14,77,71,167,33.4,37.460646016853474
부정행위 검증 및 제재,0,1,14,93,59,167,33.4,41.07675741827731
학술지 및 학술 컨퍼런스 자료,2,4,30,92,39,167,33.4,36.49383509580762
