Q5,count,pct
매우 못한다,2,1.1976047904191618
매우 잘한다,28,16.766467065868266
잘하고 있다,78,46.706586826347305
보통이다,57,34.13173652694611
못하고 있다,2,1.1976047904191618
