ID,fairness,honesty,respect,responsibility,transparency,all
19078.952095808385,4.226047904191617,4.471556886227545,4.424650698602794,4.229041916167665,4.303892215568863,4.331037924151697
