component,f-value,p-value
fairness,0.48374214051505476,0.7476523045805921
honesty,0.3092633232212323,0.8714811591997939
respect,0.037862332822317664,0.997243307288752
responsibility,0.5559544253645251,0.6949544042910248
transparency,0.6155452202847761,0.6520503758882972
all,0.08714895383705767,0.9863352637846056
