component,f-value,p-value
fairness,1.6866174932754736,0.15593036177118927
honesty,1.0102136126776804,0.40409156522168255
respect,0.8498431982322827,0.49574613395063194
responsibility,0.8133323608470554,0.5184828629607565
transparency,0.6693970728569398,0.6141831797207186
all,0.9408236625136837,0.4420770112022706
