component,f-value,p-value
fairness,1.0769642469562501,0.34302453679801576
honesty,1.4851253815771757,0.22950353979646368
respect,1.6164004257351159,0.20176021602710503
responsibility,0.1496481414804969,0.8611283152619204
transparency,1.1283877088341383,0.3260532940120532
all,0.9170409713939318,0.401739642936203
