component,f-value,p-value
fairness,1.3890758827466854,0.22205424731614584
honesty,1.4877843427979225,0.18548587939173025
respect,2.269620510261349,0.03951506472985952
responsibility,1.476821703564933,0.18927259407329836
transparency,2.315756772652832,0.035898848090239806
all,2.0705891198394197,0.05949873829978418
