ID,공정,정직,존중,책임,투명성,전체
5316.378116236636,0.5678600265378406,0.59706811385958,0.5708821420324373,0.6039610550886341,0.6056459762546891,0.5310125086690528
