component,f-value,p-value
공정,1.6866174932754736,0.15593036177118927
정직,1.0102136126776804,0.40409156522168255
존중,0.8498431982322827,0.49574613395063194
책임,0.8133323608470554,0.5184828629607565
투명성,0.6693970728569398,0.6141831797207186
전체,0.9408236625136837,0.4420770112022706
