component,f-value,p-value
공정,1.3890758827466854,0.22205424731614584
정직,1.4877843427979225,0.18548587939173025
존중,2.269620510261349,0.03951506472985952
책임,1.476821703564933,0.18927259407329836
투명성,2.315756772652832,0.035898848090239806
전체,2.0705891198394197,0.05949873829978418
