component,f-value,p-value
공정,1.0769642469562501,0.34302453679801576
정직,1.4851253815771757,0.22950353979646368
존중,1.6164004257351159,0.20176021602710503
책임,0.1496481414804969,0.8611283152619204
투명성,1.1283877088341383,0.3260532940120532
전체,0.9170409713939318,0.401739642936203
