column,학사수,석사수,박사수,학사평균,석사평균,박사평균,학사수_right,박사수_right,석사수_right,학사표준편차,석사표준편차,박사표준편차
공정,9,52,106,4.08,4.15,4.27,0.05389221556886228,0.6347305389221557,0.31137724550898205,0.84,0.6,0.53
정직,9,52,106,4.17,4.44,4.51,0.05389221556886228,0.6347305389221557,0.31137724550898205,0.82,0.65,0.54
존중,9,52,106,4.12,4.4,4.46,0.05389221556886228,0.6347305389221557,0.31137724550898205,0.9,0.57,0.53
책임,9,52,106,4.14,4.25,4.22,0.05389221556886228,0.6347305389221557,0.31137724550898205,0.91,0.61,0.58
투명성,9,52,106,4.03,4.36,4.3,0.05389221556886228,0.6347305389221557,0.31137724550898205,0.85,0.57,0.6
전체,9,52,106,4.11,4.32,4.36,0.05389221556886228,0.6347305389221557,0.31137724550898205,0.85,0.54,0.49
