column,5년미만,5년이상10년미만수,10년이상15년미만수,15년이상수,5년미만평균,5년이상10년미만평균,10년이상15년미만평균,15년이상평균,5년미만_right,5년이상10년미만수_right,10년이상15년미만수_right,15년이상수_right,5년미만표준편차,5년이상10년미만표준편차,10년이상15년미만표준편차,15년이상표준편차
공정,60,22,28,57,4.2,4.19,4.24,4.25,0.3592814371257485,0.1317365269461078,0.16766467065868262,0.3413173652694611,0.58,0.62,0.5,0.58
정직,60,22,28,57,4.41,4.48,4.6,4.47,0.3592814371257485,0.1317365269461078,0.16766467065868262,0.3413173652694611,0.59,0.62,0.52,0.63
존중,60,22,28,57,4.41,4.58,4.39,4.39,0.3592814371257485,0.1317365269461078,0.16766467065868262,0.3413173652694611,0.59,0.55,0.5,0.59
책임,60,22,28,57,4.29,4.27,4.2,4.17,0.3592814371257485,0.1317365269461078,0.16766467065868262,0.3413173652694611,0.63,0.62,0.54,0.61
투명성,60,22,28,57,4.37,4.28,4.38,4.21,0.3592814371257485,0.1317365269461078,0.16766467065868262,0.3413173652694611,0.59,0.69,0.44,0.66
전체,60,22,28,57,4.34,4.36,4.36,4.3,0.3592814371257485,0.1317365269461078,0.16766467065868262,0.3413173652694611,0.55,0.54,0.41,0.57
