column,남자수,여자수,남자평균,여자평균,남자수_right,여자수_right,남자표준편차,여자펴준편차
공정,121,46,4.291322314049586,4.054347826086956,0.7245508982035929,0.2754491017964072,0.5722280171236527,0.5241740685175872
정직,121,46,4.508264462809917,4.375,0.7245508982035929,0.2754491017964072,0.6002897601519206,0.5839282680451618
존중,121,46,4.446280991735538,4.367753623188405,0.7245508982035929,0.2754491017964072,0.5806345810249088,0.5464746972547467
책임,121,46,4.24793388429752,4.179347826086956,0.7245508982035929,0.2754491017964072,0.6245797485181163,0.5494012990880287
투명성,121,46,4.328512396694215,4.239130434782608,0.7245508982035929,0.2754491017964072,0.6447165542016957,0.4886390446352287
전체,121,46,4.364462809917353,4.243115942028986,0.7245508982035929,0.2754491017964072,0.5511181485413706,0.46831159942922296
