column,책임급수,선임급수,원급수,무기(선임급)수,무기(원급)수,기타수,책임급평균,선임급평균,원급평균,무기(선임급)평균,무기(원급)평균,기타평균,책임급표준편차,선임급표준편차,원급표준편차,무기(선임급)표준편차,무기(원급)표준편차,기타표준편차
공정,58,50,15,5,29,10,4.357758620689655,4.225,4.15,3.8,4.155172413793103,4.0,0.48916342156231934,0.5538593721168151,0.49821108549919446,0.5700877125495689,0.7115557436734523,0.6009252125773316
정직,58,50,15,5,29,10,4.568965517241379,4.46,4.283333333333333,4.2,4.474137931034483,4.375,0.5396414978098882,0.5699982098074285,0.5498917642417936,0.8909264840602731,0.7237823135711617,0.5803495115493383
존중,58,50,15,5,29,10,4.495689655172415,4.405,4.4,4.033333333333333,4.442528735632183,4.291666666666666,0.5215675909207783,0.5714310515819192,0.420458932936041,0.7397447007057381,0.6637224601481333,0.693054163881925
책임,58,50,15,5,29,10,4.245689655172414,4.215,4.35,3.8,4.241379310344827,4.2,0.5648540009128444,0.6103068816553835,0.4891683905218266,0.54198708471697,0.6991153805137862,0.7245688373094719
투명성,58,50,15,5,29,10,4.344827586206897,4.29,4.35,3.9,4.327586206896552,4.2,0.6030397891481338,0.6172685057276658,0.4891683905218266,0.5477225575051662,0.6199922532489176,0.752772652709081
전체,58,50,15,5,29,10,4.402586206896552,4.318999999999999,4.306666666666667,3.9466666666666668,4.328160919540231,4.213333333333334,0.4899258181120958,0.5218688074163801,0.43991341139343487,0.6295280419135877,0.6214439063468499,0.6220634718121321
