column,물리,화학,생물,지질,공학,정책,기타,물리평균,화학평균,생물평균,지질평균,공학평균,정책평균,기타평균,물리표준편차,화학표준편차,생물표준편차,지질표준편차,공학표준편차,정책표준편차,기타표준편차
공정,37,23,53,11,27,5,11,4.148648648648648,4.130434782608695,4.306603773584905,4.136363636363637,4.138888888888889,4.75,4.363636363636363,0.6108380498324602,0.4818852962429729,0.5295169910698239,0.5740604972870494,0.6516743720444186,0.4330127018922193,0.5167644091319124
정직,37,23,53,11,27,5,11,4.452702702702703,4.369565217391305,4.514150943396227,4.2727272727272725,4.37962962962963,5.0,4.7272727272727275,0.5708115501860712,0.5532423294532101,0.5809787297915878,0.72847911307176,0.7015448967566097,0.0,0.43952453649576634
존중,37,23,53,11,27,5,11,4.349099099099099,4.344202898550725,4.49685534591195,4.234848484848485,4.296296296296296,5.0,4.742424242424242,0.5796303891746198,0.46214281035512556,0.49326724050268794,0.720549734016965,0.7079875978761483,0.0,0.4676396782640121
책임,37,23,53,11,27,5,11,4.175675675675675,4.119565217391305,4.297169811320755,4.0,4.157407407407407,4.65,4.5227272727272725,0.6610830362222135,0.5215229295130801,0.5281876755563112,0.758287544405155,0.6904156640559289,0.48733971724044817,0.4535215741084631
투명성,37,23,53,11,27,5,11,4.351351351351352,4.119565217391305,4.34433962264151,4.045454545454546,4.194444444444445,4.95,4.568181818181818,0.6108380498324603,0.5684386771185339,0.5375926018047863,0.7315922858582318,0.704836769610434,0.11180339887498954,0.4622081388685877
전체,37,23,53,11,27,5,11,4.295495495495496,4.216666666666667,4.39182389937107,4.137878787878789,4.233333333333333,4.87,4.584848484848485,0.5431624454146066,0.45296442208717413,0.4732776086906303,0.6545605357409617,0.6387922632245602,0.18574175621006686,0.4025926080801883
