component,t-value,p-value
공정,2.4450635960577323,0.01553407103099468
정직,1.2911439772404427,0.1984597280158115
존중,0.7932359538387767,0.42877954641929383
책임,0.6544721608474877,0.5137188877281116
투명성,0.8513026991077085,0.39583502325200826
전체,1.3222510198776256,0.18791456754284439
