column,count,column_1,column_2,proportion,column_1_right,column_2_right
연구진실성을_보호하기_위한_노력_및_관리체계,98,2,67,0.5868263473053893,0.011976047904191617,0.40119760479041916
학술지_투고_학회참석_등_학문교류에_관한_윤리,106,4,57,0.6347305389221557,0.023952095808383235,0.3413173652694611
이해충돌_예방_및_관리,110,4,53,0.658682634730539,0.023952095808383235,0.31736526946107785
인간대상_연구_및_동물실험에_관한_윤리,114,2,51,0.6826347305389222,0.011976047904191617,0.30538922155688625
연구자의_권익보호_등_건전한_연구실_문화_조성,83,3,81,0.4970059880239521,0.017964071856287428,0.4850299401197605
