sex_t,sex_p,age_t,age_p,role_t,role_p,degree_t,degree_p,experience_t,experience_p,field_t,field_p
5.800769329779417,0.055002058625823434,4.947802483676106,0.7631402429667263,10.560307015240474,0.3927831103050276,2.189448167326632,0.7009615516784172,6.449795674077061,0.37473178687226977,15.704206061564934,0.20516264209976715
9.244466108780042,0.00983081877905455,2.9255867589284126,0.9389401541283361,13.639419865538928,0.19008307768063099,5.371338900421878,0.2512724998229751,2.8571836675812787,0.8265465438992989,7.309562819885936,0.8364967783576104
1.7103592073659666,0.4252068155137171,4.350059094091786,0.824240037298277,8.668709528597622,0.563806107338195,1.0129145951947667,0.9078314332196695,6.0452386707060795,0.41814155613037884,10.681438718684895,0.556398552392315
5.523200160787504,0.06319057742041106,12.722106465901895,0.12177548333997515,29.84437362845925,0.0009083104222194822,5.8308211299186254,0.21214391902808552,12.792660185034308,0.04644925659252951,16.102534269466343,0.1865848180035516
1.7970202097700234,0.4071758573638521,2.2494296138995704,0.9723941514428777,6.971971119898924,0.7280883764061005,0.4773437433848468,0.9756687581669211,4.175322174244179,0.6529640015400755,11.716714506237183,0.46869053497514934
