column,count,column_1,proportion,column_1_right
연구부정행위 제보 방법,87,80,0.5209580838323353,0.47904191616766467
연구부정행위 제보의 검증 절차,50,117,0.29940119760479045,0.7005988023952097
